tourney_order,match_id,match_stats_url_suffix,match_time,match_duration,winner_aces,winner_double_faults,winner_first_serves_in,winner_first_serves_total,winner_first_serve_points_won,winner_first_serve_points_total,winner_second_serve_points_won,winner_second_serve_points_total,winner_break_points_saved,winner_break_points_serve_total,winner_service_points_won,winner_service_points_total,winner_first_serve_return_won,winner_first_serve_return_total,winner_second_serve_return_won,winner_second_serve_return_total,winner_break_points_converted,winner_break_points_return_total,winner_service_games_played,winner_return_games_played,winner_return_points_won,winner_return_points_total,winner_total_points_won,winner_total_points_total,loser_aces,loser_double_faults,loser_first_serves_in,loser_first_serves_total,loser_first_serve_points_won,loser_first_serve_points_total,loser_second_serve_points_won,loser_second_serve_points_total,loser_break_points_saved,loser_break_points_serve_total,loser_service_points_won,loser_service_points_total,loser_first_serve_return_won,loser_first_serve_return_total,loser_second_serve_return_won,loser_second_serve_return_total,loser_break_points_converted,loser_break_points_return_total,loser_service_games_played,loser_return_games_played,loser_return_points_won,loser_return_points_total,loser_total_points_won,loser_total_points_total
39,2017-540-f324-c977,/en/scores/2017/540/MS001/match-stats,01:41:00,101,8,2,53,70,43,53,12,17,1,1,55,70,19,54,22,36,5,10,13,13,41,90,96,160,5,3,54,90,35,54,14,36,5,10,49,90,10,53,5,17,0,1,13,13,15,70,64,160
39,2017-540-q927-mc10,/en/scores/2017/540/MS004/match-stats,02:42:00,162,27,2,74,116,62,74,23,42,4,7,85,116,22,82,30,50,8,12,22,23,52,132,137,248,8,2,82,132,60,82,20,50,4,12,80,132,12,74,19,42,3,7,23,22,31,116,111,248
39,2017-540-c977-q927,/en/scores/2017/540/MS002/match-stats,02:56:00,176,25,1,78,120,69,78,28,42,1,3,97,120,25,97,28,54,4,14,23,23,53,151,150,271,13,3,97,151,72,97,26,54,10,14,98,151,9,78,14,42,2,3,23,23,23,120,121,271
39,2017-540-f324-ba47,/en/scores/2017/540/MS003/match-stats,02:18:00,138,13,4,70,105,59,70,21,35,5,6,80,105,25,79,21,49,2,9,17,17,46,128,126,233,9,0,79,128,54,79,28,49,7,9,82,128,11,70,14,35,1,6,17,17,25,105,107,233
39,2017-540-ba47-d643,/en/scores/2017/540/MS007/match-stats,01:03:00,63,1,1,27,46,25,27,10,19,0,0,35,46,14,39,4,8,1,1,7,7,18,47,53,93,1,0,39,47,25,39,4,8,0,1,29,47,2,27,9,19,0,0,7,7,11,46,40,93
39,2017-540-c977-ma30,/en/scores/2017/540/MS005/match-stats,03:30:00,210,33,9,102,157,86,102,26,55,4,7,112,157,19,95,24,50,3,10,27,25,43,145,155,302,17,7,95,145,76,95,26,50,7,10,102,145,16,102,29,55,3,7,25,27,45,157,147,302
39,2017-540-f324-r975,/en/scores/2017/540/MS006/match-stats,01:58:00,118,11,2,61,89,55,61,15,28,5,5,70,89,20,70,15,26,3,6,15,15,35,96,105,185,11,0,70,96,50,70,11,26,3,6,61,96,6,61,13,28,0,5,15,15,19,89,80,185
39,2017-540-mc10-pd31,/en/scores/2017/540/MS008/match-stats,02:21:00,141,4,0,70,99,47,70,20,29,8,11,67,99,23,66,32,57,5,16,16,16,55,123,122,222,9,10,66,123,43,66,25,57,11,16,68,123,23,70,9,29,3,11,16,16,32,99,100,222
39,2017-540-d643-me82,/en/scores/2017/540/MS015/match-stats,02:15:00,135,4,2,69,93,49,69,16,24,1,2,65,93,28,71,15,31,4,10,15,15,43,102,108,195,2,1,71,102,43,71,16,31,6,10,59,102,20,69,8,24,1,2,15,15,28,93,87,195
39,2017-540-ma30-n409,/en/scores/2017/540/MS010/match-stats,04:48:00,288,30,10,133,212,106,133,38,79,14,16,144,212,24,119,23,58,3,8,33,33,47,177,191,389,23,2,119,177,95,119,35,58,5,8,130,177,27,133,41,79,2,16,33,33,68,212,198,389
39,2017-540-f324-d875,/en/scores/2017/540/MS013/match-stats,01:38:00,98,8,0,52,75,39,52,17,23,2,3,56,75,20,57,19,34,5,10,14,14,39,91,95,166,7,7,57,91,37,57,15,34,5,10,52,91,13,52,6,23,1,3,14,14,19,75,71,166
39,2017-540-r975-z355,/en/scores/2017/540/MS012/match-stats,03:23:00,203,23,6,124,175,94,124,24,51,14,17,118,175,18,90,26,45,5,8,26,25,44,135,162,310,17,7,90,135,72,90,19,45,3,8,91,135,30,124,27,51,3,17,25,26,57,175,148,310
39,2017-540-q927-a678,/en/scores/2017/540/MS009/match-stats,03:07:00,187,31,1,115,173,95,115,34,58,6,7,129,173,16,106,20,40,2,3,28,26,36,146,165,319,31,5,106,146,90,106,20,40,1,3,110,146,20,115,24,58,1,7,26,28,44,173,154,319
39,2017-540-ba47-tb69,/en/scores/2017/540/MS014/match-stats,02:53:00,173,15,2,105,141,87,105,18,36,4,5,105,141,14,74,24,58,3,13,25,23,38,132,143,273,11,6,74,132,60,74,34,58,10,13,94,132,18,105,18,36,1,5,23,25,36,141,130,273
39,2017-540-c977-bd06,/en/scores/2017/540/MS011/match-stats,01:41:00,101,9,0,43,78,34,43,20,35,5,6,54,78,25,52,12,15,7,9,12,12,37,67,91,145,0,3,52,67,27,52,3,15,2,9,30,67,9,43,15,35,1,6,12,12,24,78,54,145
39,2017-540-mc10-f510,/en/scores/2017/540/MS016/match-stats,02:39:00,159,15,7,76,118,56,76,21,42,7,10,77,118,21,63,23,39,7,9,19,18,44,102,121,220,3,7,63,102,42,63,16,39,2,9,58,102,20,76,21,42,3,10,18,19,41,118,99,220
39,2017-540-d643-g858,/en/scores/2017/540/MS031/match-stats,02:13:00,133,6,1,56,89,44,56,21,33,3,4,65,89,19,63,24,39,4,11,15,14,43,102,108,191,13,7,63,102,44,63,15,39,7,11,59,102,12,56,12,33,1,4,14,15,24,89,83,191
39,2017-540-n409-ke29,/en/scores/2017/540/MS020/match-stats,02:15:00,135,7,1,65,94,52,65,17,29,4,5,69,94,22,71,21,32,4,15,15,14,43,103,112,197,13,6,71,103,49,71,11,32,11,15,60,103,13,65,12,29,1,5,14,15,25,94,85,197
39,2017-540-f324-z168,/en/scores/2017/540/MS027/match-stats,01:49:00,109,13,1,53,88,44,53,25,35,1,2,69,88,18,63,19,39,3,6,16,16,37,102,106,190,6,4,63,102,45,63,20,39,3,6,65,102,9,53,10,35,1,2,16,16,19,88,84,190
39,2017-540-r975-r772,/en/scores/2017/540/MS024/match-stats,02:22:00,142,21,2,61,87,51,61,21,26,0,0,72,87,25,77,21,47,2,13,17,17,46,124,118,211,11,3,77,124,52,77,26,47,11,13,78,124,10,61,5,26,0,0,17,17,15,87,93,211
39,2017-540-c977-j386,/en/scores/2017/540/MS023/match-stats,02:12:00,132,17,1,52,84,42,52,22,32,0,2,64,84,25,75,23,39,4,15,16,16,48,114,112,198,8,6,75,114,50,75,16,39,11,15,66,114,10,52,10,32,2,2,16,16,20,84,86,198
39,2017-540-bd06-n552,/en/scores/2017/540/MS022/match-stats,03:21:00,201,3,3,97,146,73,97,23,49,9,11,96,146,26,88,28,58,3,11,20,20,54,146,150,292,5,7,88,146,62,88,30,58,8,11,92,146,24,97,26,49,2,11,20,20,50,146,142,292
39,2017-540-tb69-dc58,/en/scores/2017/540/MS028/match-stats,02:03:00,123,4,3,54,96,42,54,25,42,7,8,67,96,11,40,23,47,5,9,15,15,34,87,101,183,4,3,40,87,29,40,24,47,4,9,53,87,12,54,17,42,1,8,15,15,29,96,82,183
39,2017-540-z355-o513,/en/scores/2017/540/MS025/match-stats,01:33:00,93,4,5,47,71,38,47,12,24,4,7,50,71,20,53,26,39,7,15,14,14,46,92,96,163,1,5,53,92,33,53,13,39,8,15,46,92,9,47,12,24,3,7,14,14,21,71,67,163
39,2017-540-q927-t786,/en/scores/2017/540/MS018/match-stats,02:58:00,178,22,5,78,141,69,78,30,63,5,8,99,141,20,99,27,58,3,7,23,25,47,157,146,298,12,6,99,157,79,99,31,58,4,7,110,157,9,78,33,63,3,8,25,23,42,141,152,298
39,2017-540-ba47-f401,/en/scores/2017/540/MS029/match-stats,01:46:00,106,3,1,45,75,38,45,19,30,1,1,57,75,20,56,19,37,4,8,14,14,39,93,96,168,3,2,56,93,36,56,18,37,4,8,54,93,7,45,11,30,0,1,14,14,18,75,72,168
39,2017-540-d875-sc56,/en/scores/2017/540/MS026/match-stats,01:00:00,60,5,0,29,36,24,29,6,7,1,1,30,36,13,25,13,21,5,11,7,7,26,46,56,82,1,2,25,46,12,25,8,21,6,11,20,46,5,29,1,7,0,1,7,7,6,36,26,82
39,2017-540-me82-mc65,/en/scores/2017/540/MS030/match-stats,03:30:00,210,7,4,105,167,72,105,39,62,9,14,111,167,38,105,28,67,6,23,26,25,66,172,177,339,13,7,105,172,67,105,39,67,17,23,106,172,33,105,23,62,5,14,25,26,56,167,162,339
39,2017-540-a678-be54,/en/scores/2017/540/MS019/match-stats,02:00:00,120,27,2,59,86,55,59,22,27,0,0,77,86,22,79,8,29,1,5,17,17,30,108,107,194,6,2,79,108,57,79,21,29,4,5,78,108,4,59,5,27,0,0,17,17,9,86,87,194
39,2017-540-ma30-bh09,/en/scores/2017/540/MS021/match-stats,02:27:00,147,19,4,61,98,50,61,21,37,3,5,71,98,22,72,27,51,4,11,17,17,49,123,120,221,15,4,72,123,50,72,24,51,7,11,74,123,11,61,16,37,2,5,17,17,27,98,101,221
39,2017-540-mc10-ba65,/en/scores/2017/540/MS032/match-stats,01:36:00,96,9,2,31,66,26,31,26,35,0,0,52,66,16,47,24,40,5,10,13,12,40,87,92,153,5,4,47,87,31,47,16,40,5,10,47,87,5,31,9,35,0,0,12,13,14,66,61,153
39,2017-540-pd31-j397,/en/scores/2017/540/MS017/match-stats,01:42:00,102,14,5,63,102,51,63,24,39,7,7,75,102,9,42,20,39,3,5,15,14,29,81,104,183,4,2,42,81,33,42,19,39,2,5,52,81,12,63,15,39,0,7,14,15,27,102,79,183
39,2017-540-f324-l987,/en/scores/2017/540/MS055/match-stats,01:30:00,90,9,2,47,78,38,47,25,31,3,4,63,78,24,56,11,31,4,11,15,14,35,87,98,165,3,3,56,87,32,56,20,31,7,11,52,87,9,47,6,31,1,4,14,15,15,78,67,165
39,2017-540-d643-pg32,/en/scores/2017/540/MS063/match-stats,01:34:00,94,4,1,41,60,33,41,14,19,1,1,47,60,19,45,24,39,7,18,11,12,43,84,90,144,5,4,45,84,26,45,15,39,11,18,41,84,8,41,5,19,0,1,12,11,13,60,54,144
39,2017-540-n409-y124,/en/scores/2017/540/MS040/match-stats,02:11:00,131,4,2,55,85,44,55,18,30,2,3,62,85,23,68,22,36,5,9,15,15,45,104,107,189,8,3,68,104,45,68,14,36,4,9,59,104,11,55,12,30,1,3,15,15,23,85,82,189
39,2017-540-r975-y061,/en/scores/2017/540/MS048/match-stats,02:40:00,160,27,7,73,113,65,73,23,40,3,4,88,113,21,85,21,49,2,6,21,22,42,134,130,247,2,3,85,134,64,85,28,49,4,6,92,134,8,73,17,40,1,4,22,21,25,113,117,247
39,2017-540-c977-mb02,/en/scores/2017/540/MS047/match-stats,02:12:00,132,31,5,55,93,50,55,21,38,0,2,71,93,25,77,27,45,4,7,17,17,52,122,123,215,0,4,77,122,52,77,18,45,3,7,70,122,5,55,17,38,2,2,17,17,22,93,92,215
39,2017-540-tb69-sd32,/en/scores/2017/540/MS056/match-stats,02:52:00,172,17,1,65,112,51,65,25,47,1,3,76,112,31,93,27,54,5,18,20,20,58,147,134,259,3,2,93,147,62,93,27,54,13,18,89,147,14,65,22,47,2,3,20,20,36,112,125,259
39,2017-540-n552-sc77,/en/scores/2017/540/MS044/match-stats,03:15:00,195,7,8,93,142,69,93,27,49,4,6,96,142,21,76,30,62,5,9,21,20,51,138,147,280,8,5,76,138,55,76,32,62,4,9,87,138,24,93,22,49,2,6,20,21,46,142,133,280
39,2017-540-z355-td51,/en/scores/2017/540/MS051/match-stats,01:33:00,93,11,4,55,84,43,55,17,29,1,1,60,84,12,48,16,28,4,6,14,14,28,76,88,160,11,4,48,76,36,48,12,28,2,6,48,76,12,55,12,29,0,1,14,14,24,84,72,160
39,2017-540-ba47-h940,/en/scores/2017/540/MS059/match-stats,02:37:00,157,19,1,76,113,64,76,22,37,0,1,86,113,20,79,28,53,4,13,21,19,48,132,134,245,16,3,79,132,59,79,25,53,9,13,84,132,12,76,15,37,1,1,19,21,27,113,111,245
39,2017-540-t786-ba98,/en/scores/2017/540/MS036/match-stats,01:55:00,115,13,2,51,78,43,51,16,27,4,4,59,78,32,66,15,31,5,13,14,13,47,97,106,175,1,1,66,97,34,66,16,31,8,13,50,97,8,51,11,27,0,4,13,14,19,78,69,175
39,2017-540-d875-b837,/en/scores/2017/540/MS052/match-stats,01:43:00,103,9,4,53,83,42,53,17,30,7,7,59,83,11,36,24,34,6,8,12,12,35,70,94,153,5,4,36,70,25,36,10,34,2,8,35,70,11,53,13,30,0,7,12,12,24,83,59,153
39,2017-540-j397-pf39,/en/scores/2017/540/MS035/match-stats,02:45:00,165,14,2,82,129,67,82,27,47,3,4,94,129,15,76,24,57,2,9,20,20,39,133,133,262,19,7,76,133,61,76,33,57,7,9,94,133,15,82,20,47,1,4,20,20,35,129,129,262
39,2017-540-mc65-e831,/en/scores/2017/540/MS060/match-stats,02:12:00,132,13,1,73,108,55,73,18,35,5,7,73,108,19,56,18,38,4,8,16,16,37,94,110,202,5,5,56,94,37,56,20,38,4,8,57,94,18,73,17,35,2,7,16,16,35,108,92,202
39,2017-540-ma30-r685,/en/scores/2017/540/MS043/match-stats,03:37:00,217,45,13,110,173,96,110,30,63,11,13,126,173,26,119,33,64,4,14,30,29,59,183,185,356,25,8,119,183,93,119,31,64,10,14,124,183,14,110,33,63,2,13,29,30,47,173,171,356
39,2017-540-bd06-g967,/en/scores/2017/540/MS045/match-stats,02:17:00,137,2,3,71,106,52,71,17,35,4,8,69,106,20,58,37,59,8,25,17,16,57,117,126,223,8,5,58,117,38,58,22,59,17,25,60,117,19,71,18,35,4,8,16,17,37,106,97,223
39,2017-540-o513-sm25,/en/scores/2017/540/MS050/match-stats,02:44:00,164,15,7,79,132,63,79,25,53,12,15,88,132,22,81,24,58,4,14,22,22,46,139,134,271,17,8,81,139,59,81,34,58,10,14,93,139,16,79,28,53,3,15,22,22,44,132,137,271
39,2017-540-sc56-i186,/en/scores/2017/540/MS053/match-stats,03:51:00,231,5,2,121,185,93,121,44,64,12,14,137,185,23,126,27,55,2,5,29,28,50,181,187,366,45,5,126,181,103,126,28,55,3,5,131,181,28,121,20,64,2,14,28,29,48,185,179,366
39,2017-540-q927-bg23,/en/scores/2017/540/MS037/match-stats,01:51:00,111,32,0,62,93,53,62,20,31,0,1,73,93,30,73,14,43,4,11,19,19,44,116,117,209,6,3,73,116,43,73,29,43,7,11,72,116,9,62,11,31,1,1,19,19,20,93,92,209
39,2017-540-r772-re44,/en/scores/2017/540/MS049/match-stats,03:32:00,212,16,4,106,164,81,106,29,58,10,14,110,164,34,104,24,52,6,12,27,26,58,156,168,320,7,4,104,156,70,104,28,52,6,12,98,156,25,106,29,58,4,14,26,27,54,164,152,320
39,2017-540-j386-a829,/en/scores/2017/540/MS046/match-stats,02:32:00,152,10,2,83,116,62,83,22,33,10,11,84,116,25,77,20,42,4,10,19,18,45,119,129,235,2,6,77,119,52,77,22,42,6,10,74,119,21,83,11,33,1,11,18,19,32,116,106,235
39,2017-540-z168-k926,/en/scores/2017/540/MS054/match-stats,03:05:00,185,14,5,93,120,64,93,10,27,4,9,74,120,42,102,24,48,7,17,21,21,66,150,140,270,3,1,102,150,60,102,24,48,10,17,84,150,29,93,17,27,5,9,21,21,46,120,130,270
39,2017-540-g858-d683,/en/scores/2017/540/MS062/match-stats,02:54:00,174,25,5,60,100,49,60,23,40,2,3,72,100,21,69,19,43,3,10,16,16,40,112,112,212,7,2,69,112,48,69,24,43,7,10,72,112,11,60,17,40,1,3,16,16,28,100,100,212
39,2017-540-f510-v708,/en/scores/2017/540/MS033/match-stats,01:57:00,117,11,2,59,87,51,59,18,28,1,1,69,87,27,79,13,26,3,8,15,15,40,105,109,192,11,2,79,105,52,79,13,26,5,8,65,105,8,59,10,28,0,1,15,15,18,87,83,192
39,2017-540-ke29-mj08,/en/scores/2017/540/MS041/match-stats,03:09:00,189,15,5,106,162,76,106,33,56,15,18,109,162,19,83,30,61,3,7,22,23,49,144,158,306,10,4,83,144,64,83,31,61,4,7,95,144,30,106,23,56,3,18,23,22,53,162,148,306
39,2017-540-dc58-l503,/en/scores/2017/540/MS057/match-stats,03:05:00,185,20,3,80,140,68,80,29,60,5,6,97,140,28,95,22,41,4,8,21,21,50,136,147,276,7,1,95,136,67,95,19,41,4,8,86,136,12,80,31,60,1,6,21,21,43,140,129,276
39,2017-540-a678-sa93,/en/scores/2017/540/MS038/match-stats,01:41:00,101,16,1,53,82,47,53,23,29,0,0,70,82,11,49,13,30,2,5,16,14,24,79,94,161,10,2,49,79,38,49,17,30,3,5,55,79,6,53,6,29,0,0,14,16,12,82,67,161
39,2017-540-bh09-d923,/en/scores/2017/540/MS042/match-stats,02:07:00,127,12,2,64,103,52,64,14,39,6,10,66,103,28,64,13,29,7,11,18,18,41,93,107,196,1,4,64,93,36,64,16,29,4,11,52,93,12,64,25,39,4,10,18,18,37,103,89,196
39,2017-540-be54-mm58,/en/scores/2017/540/MS039/match-stats,02:50:00,170,8,3,87,125,61,87,24,38,4,8,85,125,34,99,30,56,5,18,22,22,64,155,149,280,12,8,99,155,65,99,26,56,13,18,91,155,26,87,14,38,4,8,22,22,40,125,131,280
39,2017-540-f401-d632,/en/scores/2017/540/MS058/match-stats,00:18:00,18,0,1,6,12,5,6,3,6,0,0,8,12,0,3,6,7,1,4,2,1,6,10,14,22,0,1,3,10,3,3,1,7,3,4,4,10,1,6,3,6,0,0,1,2,4,12,8,22
39,2017-540-me82-se73,/en/scores/2017/540/MS061/match-stats,03:33:00,213,9,1,98,150,69,98,33,52,8,11,102,150,41,117,33,60,6,16,24,25,74,177,176,327,4,5,117,177,76,117,27,60,10,16,103,177,29,98,19,52,3,11,25,24,48,150,151,327
39,2017-540-pd31-h996,/en/scores/2017/540/MS034/match-stats,01:45:00,105,6,6,52,98,41,52,27,46,3,4,68,98,14,50,22,40,4,7,15,14,36,90,104,188,7,5,50,90,36,50,18,40,3,7,54,90,11,52,19,46,1,4,14,15,30,98,84,188
39,2017-540-mc10-bk92,/en/scores/2017/540/MS064/match-stats,01:44:00,104,3,2,43,74,33,43,23,31,6,6,56,74,20,61,24,34,5,12,13,12,44,95,100,169,15,12,61,95,41,61,10,34,7,12,51,95,10,43,8,31,0,6,12,13,18,74,69,169
39,2017-540-d643-k966,/en/scores/2017/540/MS127/match-stats,00:40:00,40,7,2,23,33,20,23,5,10,0,0,25,33,9,21,7,12,2,4,6,5,16,33,41,66,0,2,21,33,12,21,5,12,2,4,17,33,3,23,5,10,0,0,5,6,8,33,25,66
39,2017-540-f324-d801,/en/scores/2017/540/MS111/match-stats,00:43:00,43,10,1,27,36,21,27,4,9,0,0,25,36,10,23,15,27,3,9,6,6,25,50,50,86,2,4,23,50,13,23,12,27,6,9,25,50,6,27,5,9,0,0,6,6,11,36,36,86
39,2017-540-n409-mh30,/en/scores/2017/540/MS080/match-stats,01:46:00,106,5,0,47,70,36,47,12,23,2,4,48,70,23,45,20,34,8,13,12,12,43,79,91,149,5,2,45,79,22,45,14,34,5,13,36,79,11,47,11,23,2,4,12,12,22,70,58,149
39,2017-540-mm58-w367,/en/scores/2017/540/MS079/match-stats,02:13:00,133,10,7,71,111,60,71,17,40,4,6,77,111,22,66,22,42,5,11,18,18,44,108,121,219,1,3,66,108,44,66,20,42,6,11,64,108,11,71,23,40,2,6,18,18,34,111,98,219
39,2017-540-c977-k435,/en/scores/2017/540/MS095/match-stats,01:57:00,117,15,1,56,88,44,56,18,32,4,4,62,88,20,59,19,31,4,10,14,13,39,90,101,178,3,2,59,90,39,59,12,31,6,10,51,90,12,56,14,32,0,4,13,14,26,88,77,178
39,2017-540-tb69-pd07,/en/scores/2017/540/MS112/match-stats,01:55:00,115,8,2,34,70,30,34,26,36,0,0,56,70,17,62,25,45,4,14,14,15,42,107,98,177,7,4,62,107,45,62,20,45,10,14,65,107,4,34,10,36,0,0,15,14,14,70,79,177
39,2017-540-r975-sl28,/en/scores/2017/540/MS096/match-stats,02:16:00,136,20,4,74,110,58,74,22,36,5,6,80,110,12,56,28,53,3,13,16,16,40,109,120,219,9,5,56,109,44,56,25,53,10,13,69,109,16,74,14,36,1,6,16,16,30,110,99,219
39,2017-540-n552-cf01,/en/scores/2017/540/MS088/match-stats,01:12:00,72,8,2,39,59,32,39,14,20,1,1,46,59,23,46,14,18,7,9,11,11,37,64,83,123,2,5,46,64,23,46,4,18,2,9,27,64,7,39,6,20,0,1,11,11,13,59,40,123
39,2017-540-z355-d864,/en/scores/2017/540/MS103/match-stats,01:50:00,110,15,3,69,101,52,69,19,32,2,3,71,101,15,50,14,33,3,3,16,15,29,83,100,184,7,1,50,83,35,50,19,33,0,3,54,83,17,69,13,32,1,3,15,16,30,101,84,184
39,2017-540-ba47-ca12,/en/scores/2017/540/MS119/match-stats,02:22:00,142,12,3,64,111,56,64,30,47,4,5,86,111,13,77,17,30,2,2,20,20,30,107,116,218,17,2,77,107,64,77,13,30,0,2,77,107,8,64,17,47,1,5,20,20,25,111,102,218
39,2017-540-t786-n771,/en/scores/2017/540/MS072/match-stats,01:23:00,83,8,1,38,64,31,38,18,26,0,0,49,64,27,56,17,33,6,12,12,13,44,89,93,153,3,4,56,89,29,56,16,33,6,12,45,89,7,38,8,26,0,0,13,12,15,64,60,153
39,2017-540-d875-sm37,/en/scores/2017/540/MS104/match-stats,01:50:00,110,9,10,49,87,42,49,18,38,6,8,60,87,17,48,19,31,6,8,14,14,36,79,96,166,2,3,48,79,31,48,12,31,2,8,43,79,7,49,20,38,2,8,14,14,27,87,70,166
39,2017-540-pf39-j267,/en/scores/2017/540/MS071/match-stats,03:03:00,183,12,5,73,131,61,73,34,58,4,6,95,131,10,76,49,81,4,12,22,22,59,157,154,288,9,8,76,157,66,76,32,81,8,12,98,157,12,73,24,58,2,6,22,22,36,131,134,288
39,2017-540-mc65-bc72,/en/scores/2017/540/MS120/match-stats,01:35:00,95,8,1,51,85,41,51,27,34,4,4,68,85,25,73,6,14,3,7,16,15,31,87,99,172,5,2,73,87,48,73,8,14,4,7,56,87,10,51,7,34,0,4,15,16,17,85,73,172
39,2017-540-ma30-f724,/en/scores/2017/540/MS087/match-stats,01:56:00,116,8,2,58,90,47,58,17,32,1,1,64,90,15,50,26,49,4,6,15,15,41,99,105,189,11,6,50,99,35,50,23,49,2,6,58,99,11,58,15,32,0,1,15,15,26,90,84,189
39,2017-540-sm25-gd64,/en/scores/2017/540/MS100/match-stats,02:14:00,134,12,3,61,113,50,61,35,52,2,4,85,113,19,65,22,50,3,5,21,19,41,115,126,228,6,6,65,115,46,65,28,50,2,5,74,115,11,61,17,52,2,4,19,21,28,113,102,228
39,2017-540-bd06-h804,/en/scores/2017/540/MS091/match-stats,01:38:00,98,6,0,52,72,40,52,13,20,3,3,53,72,18,50,23,34,6,11,12,12,41,84,94,156,9,6,50,84,32,50,11,34,5,11,43,84,12,52,7,20,0,3,12,12,19,72,62,156
39,2017-540-me82-l397,/en/scores/2017/540/MS123/match-stats,02:15:00,135,12,2,68,102,51,68,16,34,5,7,67,102,19,49,31,54,7,11,16,17,50,103,117,205,12,6,49,103,30,49,23,54,4,11,53,103,17,68,18,34,2,7,17,16,35,102,88,205
39,2017-540-h996-ke17,/en/scores/2017/540/MS068/match-stats,01:05:00,65,10,1,33,51,27,33,13,18,0,0,40,51,17,38,4,20,2,3,10,9,21,58,61,109,3,2,38,58,21,38,16,20,1,3,37,58,6,33,5,18,0,0,9,10,11,51,48,109
39,2017-540-bh09-k336,/en/scores/2017/540/MS084/match-stats,04:25:00,265,27,5,130,202,108,130,50,72,8,8,158,202,20,126,30,71,1,5,31,31,50,197,208,399,44,11,126,197,106,126,41,71,4,5,147,197,22,130,22,72,0,8,31,31,44,202,191,399
39,2017-540-f401-g628,/en/scores/2017/540/MS116/match-stats,02:54:00,174,1,5,85,130,59,85,30,45,5,6,89,130,24,71,20,49,4,11,20,19,44,120,133,250,0,0,71,120,47,71,29,49,7,11,76,120,26,85,15,45,1,6,19,20,41,130,117,250
39,2017-540-i186-fb98,/en/scores/2017/540/MS107/match-stats,01:31:00,91,25,0,64,83,58,64,11,19,0,0,69,83,12,50,9,28,2,2,16,15,21,78,90,161,12,1,50,78,38,50,19,28,0,2,57,78,6,64,8,19,0,0,15,16,14,83,71,161
39,2017-540-q927-f586,/en/scores/2017/540/MS075/match-stats,02:01:00,121,14,2,60,99,46,60,24,39,8,10,70,99,26,69,24,47,5,12,16,16,50,116,120,215,3,4,69,116,43,69,23,47,7,12,66,116,14,60,15,39,2,10,16,16,29,99,95,215
39,2017-540-z168-ta46,/en/scores/2017/540/MS108/match-stats,01:24:00,84,18,3,48,64,46,48,10,16,0,0,56,64,29,78,9,23,4,9,14,15,38,101,94,165,4,2,78,101,49,78,14,23,5,9,63,101,2,48,6,16,0,0,15,14,8,64,71,165
39,2017-540-j386-kc29,/en/scores/2017/540/MS092/match-stats,01:57:00,117,12,2,63,100,46,63,26,37,5,5,72,100,22,59,7,27,3,7,16,15,29,86,101,186,3,0,59,86,37,59,20,27,4,7,57,86,17,63,11,37,0,5,15,16,28,100,85,186
39,2017-540-r772-tc61,/en/scores/2017/540/MS099/match-stats,02:25:00,145,3,4,86,115,59,86,15,29,5,6,74,115,16,56,23,44,3,4,16,16,39,100,113,215,5,1,56,100,40,56,21,44,1,4,61,100,27,86,14,29,1,6,16,16,41,115,102,215
39,2017-540-f510-t315,/en/scores/2017/540/MS067/match-stats,01:33:00,93,10,6,42,68,32,42,13,26,1,3,45,68,32,66,16,23,8,18,12,13,48,89,93,157,0,3,66,89,34,66,7,23,10,18,41,89,10,42,13,26,2,3,13,12,23,68,64,157
39,2017-540-d683-kd46,/en/scores/2017/540/MS124/match-stats,03:03:00,183,17,3,91,125,68,91,20,34,2,4,88,125,14,73,31,56,3,12,20,20,45,129,133,254,16,5,73,129,59,73,25,56,9,12,84,129,23,91,14,34,2,4,20,20,37,125,121,254
39,2017-540-a678-v306,/en/scores/2017/540/MS076/match-stats,02:56:00,176,25,4,97,128,78,97,15,31,1,3,93,128,17,85,27,54,1,4,21,20,44,139,137,267,6,6,85,139,68,85,27,54,3,4,95,139,19,97,16,31,2,3,20,21,35,128,130,267
39,2017-540-ke29-kb54,/en/scores/2017/540/MS083/match-stats,02:34:00,154,12,5,81,133,57,81,24,52,4,10,81,133,22,86,24,48,5,10,22,22,46,134,127,267,11,9,86,134,64,86,24,48,5,10,88,134,24,81,28,52,6,10,22,22,52,133,140,267
39,2017-540-b837-w503,/en/scores/2017/540/MS105/match-stats,01:40:00,100,17,2,44,78,43,44,16,34,0,0,59,78,16,58,11,27,4,10,14,15,27,85,86,163,8,3,58,85,42,58,16,27,6,10,58,85,1,44,18,34,0,0,15,14,19,78,77,163
39,2017-540-a829-bf23,/en/scores/2017/540/MS093/match-stats,03:32:00,212,4,3,110,154,72,110,28,44,7,11,100,154,38,120,35,64,4,21,22,22,73,184,173,338,11,6,120,184,82,120,29,64,17,21,111,184,38,110,16,44,4,11,22,22,54,154,165,338
39,2017-540-bg23-b884,/en/scores/2017/540/MS074/match-stats,02:18:00,138,2,3,64,100,47,64,19,36,2,4,66,100,21,58,23,45,5,11,15,14,44,103,110,203,0,3,58,103,37,58,22,45,6,11,59,103,17,64,17,36,2,4,14,15,34,100,93,203
39,2017-540-l503-z184,/en/scores/2017/540/MS115/match-stats,03:42:00,222,10,4,88,153,66,88,34,65,8,11,100,153,22,82,26,60,3,6,23,23,48,142,148,295,13,6,82,142,60,82,34,60,3,6,94,142,22,88,31,65,3,11,23,23,53,153,147,295
39,2017-540-be54-h355,/en/scores/2017/540/MS078/match-stats,02:40:00,160,6,3,92,129,62,92,24,37,7,9,86,129,27,81,32,62,5,21,19,19,59,143,145,272,8,10,81,143,54,81,30,62,16,21,84,143,30,92,13,37,2,9,19,19,43,129,127,272
39,2017-540-ba98-l575,/en/scores/2017/540/MS073/match-stats,02:04:00,124,5,1,63,93,45,63,17,30,0,4,62,93,23,62,14,31,5,8,18,17,37,93,99,186,5,5,62,93,39,62,17,31,3,8,56,93,18,63,13,30,4,4,17,18,31,93,87,186
39,2017-540-ba65-sh90,/en/scores/2017/540/MS065/match-stats,02:00:00,120,15,7,80,112,62,80,21,32,1,3,83,112,16,81,19,40,3,6,20,21,35,121,118,233,10,2,81,121,65,81,21,40,3,6,86,121,18,80,11,32,2,3,21,20,29,112,115,233
39,2017-540-d632-be90,/en/scores/2017/540/MS117/match-stats,03:06:00,186,10,1,88,145,57,88,32,57,8,14,89,145,38,98,21,50,7,14,23,23,59,148,148,293,3,6,98,148,60,98,29,50,7,14,89,148,31,88,25,57,6,14,23,23,56,145,145,293
39,2017-540-dc58-t742,/en/scores/2017/540/MS114/match-stats,00:15:00,15,2,0,3,8,3,3,5,5,0,0,8,8,6,10,6,7,3,5,2,3,12,17,20,25,0,3,10,17,4,10,1,7,2,5,5,17,0,3,0,5,0,0,3,2,0,8,5,25
39,2017-540-d923-o376,/en/scores/2017/540/MS085/match-stats,01:15:00,75,1,4,43,68,32,43,13,25,2,3,45,68,20,34,19,27,9,11,10,11,39,61,84,129,2,3,34,61,14,34,8,27,2,11,22,61,11,43,12,25,1,3,11,10,23,68,45,129
39,2017-540-e831-w579,/en/scores/2017/540/MS121/match-stats,02:03:00,123,8,5,48,97,42,48,27,49,1,2,69,97,25,68,21,35,6,15,17,17,46,103,115,200,3,5,68,103,43,68,14,35,9,15,57,103,6,48,22,49,1,2,17,17,28,97,85,200
39,2017-540-g967-ca99,/en/scores/2017/540/MS090/match-stats,02:17:00,137,5,4,61,111,44,61,32,50,5,7,76,111,29,82,25,53,4,14,18,18,54,135,130,246,13,5,82,135,53,82,28,53,10,14,81,135,17,61,18,50,2,7,18,18,35,111,116,246
39,2017-540-g858-e224,/en/scores/2017/540/MS125/match-stats,01:28:00,88,8,4,44,67,38,44,9,23,6,6,47,67,20,40,19,28,7,11,11,11,39,68,86,135,0,7,40,68,20,40,9,28,4,11,29,68,6,44,14,23,0,6,11,11,20,67,49,135
39,2017-540-h940-cg80,/en/scores/2017/540/MS118/match-stats,02:20:00,140,16,5,57,110,51,57,24,53,2,4,75,110,19,66,19,44,3,6,17,17,38,110,113,220,3,5,66,110,47,66,25,44,3,6,72,110,6,57,29,53,2,4,17,17,35,110,107,220
39,2017-540-j397-su55,/en/scores/2017/540/MS070/match-stats,02:25:00,145,5,6,75,125,66,75,23,50,8,9,89,125,12,73,18,40,2,11,20,20,30,113,119,238,20,6,73,113,61,73,22,40,9,11,83,113,9,75,27,50,1,9,20,20,36,125,119,238
39,2017-540-k926-da81,/en/scores/2017/540/MS109/match-stats,02:48:00,168,11,0,91,124,68,91,19,33,7,9,87,124,28,82,23,49,4,7,20,20,51,131,138,255,6,4,82,131,54,82,26,49,3,7,80,131,23,91,14,33,2,9,20,20,37,124,117,255
39,2017-540-l987-te51,/en/scores/2017/540/MS110/match-stats,02:00:00,120,4,3,69,100,50,69,21,31,5,5,71,100,10,49,23,41,3,8,15,15,33,90,104,190,11,2,49,90,39,49,18,41,5,8,57,90,19,69,10,31,0,5,15,15,29,100,86,190
39,2017-540-mb02-t840,/en/scores/2017/540/MS094/match-stats,00:17:00,17,2,0,13,17,13,13,3,4,0,0,16,17,7,11,5,12,2,6,4,3,12,23,28,40,0,3,11,23,4,11,7,12,4,6,11,23,0,13,1,4,0,0,3,4,1,17,12,40
39,2017-540-mj08-w630,/en/scores/2017/540/MS082/match-stats,03:06:00,186,8,1,103,152,82,103,25,49,6,8,107,152,14,78,27,60,2,9,22,21,41,138,148,290,15,8,78,138,64,78,33,60,7,9,97,138,21,103,24,49,2,8,21,22,45,152,142,290
39,2017-540-o513-bd20,/en/scores/2017/540/MS101/match-stats,01:45:00,105,4,4,52,79,39,52,17,27,4,4,56,79,15,37,27,52,5,17,13,12,42,89,98,168,3,8,37,89,22,37,25,52,12,17,47,89,13,52,10,27,0,4,12,13,23,79,70,168
39,2017-540-pd31-sc73,/en/scores/2017/540/MS069/match-stats,02:19:00,139,15,6,94,141,68,94,19,47,7,12,87,141,36,92,19,41,6,9,20,21,55,133,142,274,2,3,92,133,56,92,22,41,3,9,78,133,26,94,28,47,5,12,21,20,54,141,132,274
39,2017-540-pg32-e873,/en/scores/2017/540/MS126/match-stats,02:05:00,125,14,5,70,103,59,70,17,33,2,3,76,103,32,73,23,54,8,18,17,18,55,127,131,230,4,6,73,127,41,73,31,54,10,18,72,127,11,70,16,33,1,3,18,17,27,103,99,230
39,2017-540-re44-ta12,/en/scores/2017/540/MS098/match-stats,03:28:00,208,10,5,107,168,76,107,31,61,5,10,107,168,30,98,36,74,6,15,26,26,66,172,173,340,20,7,98,172,68,98,38,74,9,15,106,172,31,107,30,61,5,10,26,26,61,168,167,340
39,2017-540-r685-l949,/en/scores/2017/540/MS086/match-stats,02:02:00,122,7,8,72,125,57,72,31,53,6,7,88,125,14,70,28,49,3,6,21,20,42,119,130,244,10,4,70,119,56,70,21,49,3,6,77,119,15,72,22,53,1,7,20,21,37,125,114,244
39,2017-540-sc56-g710,/en/scores/2017/540/MS106/match-stats,02:33:00,153,0,3,94,141,69,94,23,47,9,12,92,141,16,60,22,46,5,5,21,20,38,106,130,247,12,4,60,106,44,60,24,46,0,5,68,106,25,94,24,47,3,12,20,21,49,141,117,247
39,2017-540-sa93-gb93,/en/scores/2017/540/MS077/match-stats,01:39:00,99,7,2,48,87,41,48,20,39,3,5,61,87,18,51,25,43,7,17,16,16,43,94,104,181,6,5,51,94,33,51,18,43,10,17,51,94,7,48,19,39,2,5,16,16,26,87,77,181
39,2017-540-sd32-j551,/en/scores/2017/540/MS113/match-stats,02:14:00,134,5,4,45,95,38,45,29,50,7,8,67,95,27,75,29,50,4,15,15,15,56,125,123,220,8,6,75,125,48,75,21,50,11,15,69,125,7,45,21,50,1,8,15,15,28,95,97,220
39,2017-540-sc77-b747,/en/scores/2017/540/MS089/match-stats,02:36:00,156,17,8,67,129,53,67,31,62,6,10,84,129,18,62,19,42,5,9,19,18,37,104,121,233,8,6,62,104,44,62,23,42,4,9,67,104,14,67,31,62,4,10,18,19,45,129,112,233
39,2017-540-se73-k964,/en/scores/2017/540/MS122/match-stats,02:07:00,127,3,2,68,98,53,68,15,30,4,4,68,98,14,53,24,37,4,10,14,13,38,90,106,188,6,6,53,90,39,53,13,37,6,10,52,90,15,68,15,30,0,4,13,14,30,98,82,188
39,2017-540-td51-h756,/en/scores/2017/540/MS102/match-stats,02:28:00,148,15,4,81,131,56,81,30,50,4,8,86,131,24,88,22,43,5,11,21,21,46,131,132,262,14,3,88,131,64,88,21,43,6,11,85,131,25,81,20,50,4,8,21,21,45,131,130,262
39,2017-540-v708-me89,/en/scores/2017/540/MS066/match-stats,03:24:00,204,5,5,97,148,73,97,22,51,8,12,95,148,22,78,29,54,8,11,23,23,51,132,146,280,20,6,78,132,56,78,25,54,3,11,81,132,24,97,29,51,4,12,23,23,53,148,134,280
39,2017-540-y124-i165,/en/scores/2017/540/MS081/match-stats,02:12:00,132,5,5,68,108,55,68,22,40,1,2,77,108,18,69,13,35,3,5,19,19,31,104,108,212,7,1,69,104,51,69,22,35,2,5,73,104,13,68,18,40,1,2,19,19,31,108,104,212
39,2017-540-y061-m873,/en/scores/2017/540/MS097/match-stats,02:10:00,130,5,4,75,112,51,75,18,37,11,13,69,112,16,53,24,37,6,8,15,15,40,90,109,202,4,2,53,90,37,53,13,37,2,8,50,90,24,75,19,37,2,13,15,15,43,112,93,202
39,2017-540-g967-l797,/en/scores/2017/540/QS019/match-stats,01:27:00,87,10,1,44,68,44,44,14,24,0,0,58,68,18,62,24,41,5,15,14,15,42,103,100,171,11,6,62,103,44,62,17,41,10,15,61,103,0,44,10,24,0,0,15,14,10,68,71,171
39,2017-540-r685-kc86,/en/scores/2017/540/QS023/match-stats,02:45:00,165,4,7,79,127,56,79,22,48,8,12,78,127,34,90,33,62,6,26,19,19,67,152,145,279,8,4,90,152,56,90,29,62,20,26,85,152,23,79,26,48,4,12,19,19,49,127,134,279
39,2017-540-me89-w521,/en/scores/2017/540/QS024/match-stats,01:57:00,117,20,2,70,92,55,70,13,22,2,2,68,92,12,55,24,35,3,6,15,14,36,90,104,182,8,8,55,90,43,55,11,35,3,6,54,90,15,70,9,22,0,2,14,15,24,92,78,182
39,2017-540-re44-m850,/en/scores/2017/540/QS020/match-stats,02:36:00,156,14,7,71,120,56,71,23,49,2,6,79,120,23,88,24,46,4,10,19,20,47,134,126,254,19,4,88,134,65,88,22,46,6,10,87,134,15,71,26,49,4,6,20,19,41,120,128,254
39,2017-540-sc77-i230,/en/scores/2017/540/QS026/match-stats,04:32:00,272,40,3,112,185,92,112,37,73,14,16,129,185,35,119,29,61,5,13,29,28,64,180,193,365,11,8,119,180,84,119,32,61,8,13,116,180,20,112,36,73,2,16,28,29,56,185,172,365
39,2017-540-ta12-pb22,/en/scores/2017/540/QS030/match-stats,03:16:00,196,14,6,91,152,65,91,25,61,12,19,90,152,31,104,36,63,8,22,24,25,67,167,157,319,11,3,104,167,73,104,27,63,14,22,100,167,26,91,36,61,7,19,25,24,62,152,162,319
39,2017-540-bc72-bk92,/en/scores/2017/540/QS025/match-stats,02:46:00,166,8,2,118,163,89,118,33,45,9,11,122,163,23,116,34,57,4,11,29,29,57,173,179,336,25,12,116,173,93,116,23,57,7,11,116,173,29,118,12,45,2,11,29,29,41,163,157,336
39,2017-540-be54-mi43,/en/scores/2017/540/QS027/match-stats,01:49:00,109,8,2,51,68,44,51,11,17,0,2,55,68,35,82,16,31,6,14,15,16,51,113,106,181,4,3,82,113,47,82,15,31,8,14,62,113,7,51,6,17,2,2,16,15,13,68,75,181
39,2017-540-fb98-me31,/en/scores/2017/540/QS018/match-stats,01:34:00,94,19,0,59,83,51,59,14,24,0,0,65,83,17,54,10,26,3,7,16,15,27,80,92,163,5,1,54,80,37,54,16,26,4,7,53,80,8,59,10,24,0,0,15,16,18,83,71,163
39,2017-540-ba98-s483,/en/scores/2017/540/QS016/match-stats,01:30:00,90,7,1,52,70,42,52,11,18,2,3,53,70,25,47,12,26,6,10,13,12,37,73,90,143,4,3,47,73,22,47,14,26,4,10,36,73,10,52,7,18,1,3,12,13,17,70,53,143
39,2017-540-j551-n674,/en/scores/2017/540/QS031/match-stats,02:13:00,133,20,3,78,113,61,78,22,35,1,2,83,113,18,80,27,47,3,7,20,19,45,127,128,240,21,5,80,127,62,80,20,47,4,7,82,127,17,78,13,35,1,2,19,20,30,113,112,240
39,2017-540-gd64-sj55,/en/scores/2017/540/QS028/match-stats,03:39:00,219,10,4,120,182,99,120,36,62,5,8,135,182,40,155,26,54,3,16,32,32,66,209,201,391,20,3,155,209,115,155,28,54,13,16,143,209,21,120,26,62,3,8,32,32,47,182,190,391
39,2017-540-o513-ci14,/en/scores/2017/540/QS029/match-stats,03:12:00,192,11,0,106,147,80,106,20,41,3,6,100,147,18,82,48,90,5,14,24,23,66,172,166,319,13,10,82,172,64,82,42,90,9,14,106,172,26,106,21,41,3,6,23,24,47,147,153,319
39,2017-540-w630-kb09,/en/scores/2017/540/QS022/match-stats,02:59:00,179,25,6,96,151,76,96,30,55,10,14,106,151,22,82,23,58,4,8,24,24,45,140,151,291,7,5,82,140,60,82,35,58,4,8,95,140,20,96,25,55,4,14,24,24,45,151,140,291
39,2017-540-te51-da86,/en/scores/2017/540/QS017/match-stats,03:06:00,186,18,2,79,122,64,79,28,43,2,5,92,122,33,113,24,46,4,17,24,24,57,159,149,281,17,6,113,159,80,113,22,46,13,17,102,159,15,79,15,43,3,5,24,24,30,122,132,281
39,2017-540-l797-a622,/en/scores/2017/540/QS038/match-stats,01:23:00,83,12,3,47,75,40,47,15,28,4,4,55,75,8,39,12,25,1,1,11,11,20,64,75,139,4,3,39,64,31,39,13,25,0,1,44,64,7,47,13,28,0,4,11,11,20,75,64,139
39,2017-540-me31-sl08,/en/scores/2017/540/QS036/match-stats,01:37:00,97,3,2,53,84,39,53,17,31,8,8,56,84,13,52,15,24,2,5,10,10,28,76,84,160,11,0,52,76,39,52,9,24,3,5,48,76,14,53,14,31,0,8,10,10,28,84,76,160
39,2017-540-re44-mg47,/en/scores/2017/540/QS040/match-stats,01:49:00,109,5,5,66,94,48,66,13,28,6,7,61,94,23,58,18,42,4,13,13,14,41,100,102,194,12,3,58,100,35,58,24,42,9,13,59,100,18,66,15,28,1,7,14,13,33,94,92,194
39,2017-540-w579-g681,/en/scores/2017/540/QS021/match-stats,02:58:00,178,10,2,88,129,70,88,28,41,3,4,98,129,20,90,23,43,4,11,21,20,43,133,141,262,5,4,90,133,70,90,20,43,7,11,90,133,18,88,13,41,1,4,20,21,31,129,121,262
39,2017-540-w579-sc47,/en/scores/2017/540/QS042/match-stats,01:02:00,62,4,1,25,44,22,25,12,19,1,1,34,44,17,41,11,16,4,11,8,8,28,57,62,101,1,1,41,57,24,41,5,16,7,11,29,57,3,25,7,19,0,1,8,8,10,44,39,101
39,2017-540-me89-b896,/en/scores/2017/540/QS048/match-stats,02:24:00,144,11,6,66,105,46,66,21,39,8,12,67,105,19,70,25,45,3,7,16,15,44,115,111,220,15,6,70,115,51,70,20,45,4,7,71,115,20,66,18,39,4,12,15,16,38,105,109,220
39,2017-540-kc86-ka98,/en/scores/2017/540/QS046/match-stats,01:35:00,95,2,2,51,75,37,51,15,24,4,6,52,75,19,60,17,29,4,15,13,13,36,89,88,164,3,3,60,89,41,60,12,29,11,15,53,89,14,51,9,24,2,6,13,13,23,75,76,164
39,2017-540-sc77-q941,/en/scores/2017/540/QS052/match-stats,01:15:00,75,8,4,39,65,34,39,14,26,3,3,48,65,17,44,9,22,2,7,11,10,26,66,74,131,2,1,44,66,27,44,13,22,5,7,40,66,5,39,12,26,0,3,10,11,17,65,57,131
39,2017-540-pb22-n503,/en/scores/2017/540/QS060/match-stats,01:10:00,70,3,1,41,60,32,41,11,19,0,1,43,60,15,45,12,16,3,7,11,10,27,61,70,121,5,1,45,61,30,45,4,16,4,7,34,61,9,41,8,19,1,1,10,11,17,60,51,121
39,2017-540-j551-k776,/en/scores/2017/540/QS062/match-stats,02:30:00,150,9,0,89,121,57,89,25,32,2,4,82,121,17,76,16,40,3,5,21,21,33,116,115,237,12,1,76,116,59,76,24,40,2,5,83,116,32,89,7,32,2,4,21,21,39,121,122,237
39,2017-540-be54-bk19,/en/scores/2017/540/QS054/match-stats,01:45:00,105,3,3,63,90,47,63,15,27,4,5,62,90,20,66,13,27,2,6,14,14,33,93,95,183,7,3,66,93,46,66,14,27,4,6,60,93,16,63,12,27,1,5,14,14,28,90,88,183
39,2017-540-bk92-mm79,/en/scores/2017/540/QS051/match-stats,01:04:00,64,11,2,37,64,29,37,16,27,3,4,45,64,19,45,5,17,3,3,11,11,24,62,69,126,1,2,45,62,26,45,12,17,0,3,38,62,8,37,11,27,1,4,11,11,19,64,57,126
39,2017-540-m850-g585,/en/scores/2017/540/QS041/match-stats,01:03:00,63,5,1,35,54,28,35,12,19,2,2,40,54,13,33,7,13,3,6,9,8,20,46,60,100,1,0,33,46,20,33,6,13,3,6,26,46,7,35,7,19,0,2,8,9,14,54,40,100
39,2017-540-fb98-g892,/en/scores/2017/540/QS037/match-stats,00:45:00,45,9,1,27,39,23,27,9,12,0,0,32,39,10,29,13,20,4,9,8,8,23,49,55,88,3,1,29,49,19,29,7,20,5,9,26,49,4,27,3,12,0,0,8,8,7,39,33,88
39,2017-540-gd64-f811,/en/scores/2017/540/QS057/match-stats,02:10:00,130,14,11,87,130,65,87,16,43,7,9,81,130,22,70,17,37,4,9,17,17,39,107,120,237,8,4,70,107,48,70,20,37,5,9,68,107,22,87,27,43,2,9,17,17,49,130,117,237
39,2017-540-g967-mm66,/en/scores/2017/540/QS039/match-stats,01:21:00,81,15,1,44,83,36,44,18,39,3,3,54,83,14,51,16,27,1,3,11,10,30,78,84,161,6,5,51,78,37,51,11,27,2,3,48,78,8,44,21,39,0,3,10,11,29,83,77,161
39,2017-540-ta12-hb64,/en/scores/2017/540/QS061/match-stats,01:12:00,72,2,1,39,65,29,39,13,26,5,6,42,65,13,31,13,17,5,7,9,9,26,48,68,113,4,5,31,48,18,31,4,17,2,7,22,48,10,39,13,26,1,6,9,9,23,65,45,113
39,2017-540-mi43-c813,/en/scores/2017/540/QS055/match-stats,01:17:00,77,6,1,43,61,32,43,13,18,5,5,45,61,14,41,11,19,3,4,10,10,25,60,70,121,5,2,41,60,27,41,8,19,1,4,35,60,11,43,5,18,0,5,10,10,16,61,51,121
39,2017-540-n674-ke64,/en/scores/2017/540/QS063/match-stats,01:10:00,70,3,2,35,63,30,35,15,28,2,2,45,63,10,41,13,18,3,5,10,10,23,59,68,122,1,2,41,59,31,41,5,18,2,5,36,59,5,35,13,28,0,2,10,10,18,63,54,122
39,2017-540-ba98-mb53,/en/scores/2017/540/QS033/match-stats,01:30:00,90,8,0,39,55,35,39,5,16,1,2,40,55,21,52,13,25,3,11,10,10,34,77,74,132,4,1,52,77,31,52,12,25,8,11,43,77,4,39,11,16,1,2,10,10,15,55,58,132
39,2017-540-bc72-hb48,/en/scores/2017/540/QS050/match-stats,01:07:00,67,5,2,39,58,30,39,10,19,1,2,40,58,12,37,11,21,3,7,10,10,23,58,63,116,3,3,37,58,25,37,10,21,4,7,35,58,9,39,9,19,1,2,10,10,18,58,53,116
39,2017-540-ci14-y218,/en/scores/2017/540/QS059/match-stats,01:31:00,91,5,5,38,70,32,38,15,32,0,1,47,70,9,41,21,38,2,5,11,11,30,79,77,149,7,1,41,79,32,41,17,38,3,5,49,79,6,38,17,32,1,1,11,11,23,70,72,149
39,2017-540-da86-kc04,/en/scores/2017/540/QS035/match-stats,01:49:00,109,20,1,53,72,45,53,13,19,2,3,58,72,17,61,11,29,2,8,15,15,28,90,86,162,1,5,61,90,44,61,18,29,6,8,62,90,8,53,6,19,1,3,15,15,14,72,76,162
39,2017-540-g681-z189,/en/scores/2017/540/QS043/match-stats,01:12:00,72,3,1,35,60,26,35,14,25,3,5,40,60,9,35,22,35,4,10,11,10,31,70,71,130,8,4,35,70,26,35,13,35,6,10,39,70,9,35,11,25,2,5,10,11,20,60,59,130
39,2017-540-i230-dh58,/en/scores/2017/540/QS053/match-stats,01:28:00,88,3,4,39,68,27,39,15,29,7,8,42,68,17,40,15,28,4,7,9,9,32,68,74,136,7,3,40,68,23,40,13,28,3,7,36,68,12,39,14,29,1,8,9,9,26,68,62,136
39,2017-540-kb09-bh76,/en/scores/2017/540/QS044/match-stats,00:40:00,40,6,0,21,37,19,21,10,16,1,1,29,37,11,24,14,19,5,8,7,7,25,43,54,80,3,2,24,43,13,24,5,19,3,8,18,43,2,21,6,16,0,1,7,7,8,37,26,80
39,2017-540-o513-z246,/en/scores/2017/540/QS058/match-stats,01:15:00,75,2,0,47,62,29,47,11,15,3,5,40,62,13,38,18,25,4,13,10,9,31,63,71,125,7,2,38,63,25,38,7,25,9,13,32,63,18,47,4,15,2,5,9,10,22,62,54,125
39,2017-540-r685-r548,/en/scores/2017/540/QS047/match-stats,01:20:00,80,5,3,46,75,31,46,15,29,3,5,46,75,24,58,10,21,4,13,11,12,34,79,80,154,6,3,58,79,34,58,11,21,9,13,45,79,15,46,14,29,2,5,12,11,29,75,74,154
39,2017-540-s483-d916,/en/scores/2017/540/QS032/match-stats,01:42:00,102,3,4,61,92,36,61,17,31,4,8,53,92,17,48,13,28,5,6,14,14,30,76,83,168,1,1,48,76,31,48,15,28,1,6,46,76,25,61,14,31,4,8,14,14,39,92,85,168
39,2017-540-sj55-mk66,/en/scores/2017/540/QS056/match-stats,01:54:00,114,8,2,74,107,58,74,19,33,3,3,77,107,16,57,9,28,2,3,16,15,25,85,102,192,3,1,57,85,41,57,19,28,1,3,60,85,16,74,14,33,0,3,15,16,30,107,90,192
39,2017-540-w630-sf62,/en/scores/2017/540/QS045/match-stats,01:51:00,111,12,3,69,95,56,69,16,26,3,3,72,95,14,62,12,30,2,5,16,16,26,92,98,187,4,1,62,92,48,62,18,30,3,5,66,92,13,69,10,26,0,3,16,16,23,95,89,187
39,2017-540-te51-h997,/en/scores/2017/540/QS034/match-stats,01:44:00,104,4,2,47,77,40,47,16,30,0,1,56,77,18,60,16,34,1,9,12,12,34,94,90,171,3,3,60,94,42,60,18,34,8,9,60,94,7,47,14,30,1,1,12,12,21,77,81,171
39,2017-540-w521-bi23,/en/scores/2017/540/QS049/match-stats,02:07:00,127,17,7,48,96,43,48,27,48,1,2,70,96,18,63,21,48,3,12,16,16,39,111,109,207,11,1,63,111,45,63,27,48,9,12,72,111,5,48,21,48,1,2,16,16,26,96,98,207
39,2017-540-s483-g983,/en/scores/2017/540/QS064/match-stats,01:30:00,90,8,1,60,82,46,60,15,22,3,4,61,82,19,68,18,36,2,9,15,14,37,104,98,186,5,5,68,104,49,68,18,36,7,9,67,104,14,60,7,22,1,4,14,15,21,82,88,186
39,2017-540-te51-g725,/en/scores/2017/540/QS068/match-stats,01:37:00,97,9,0,49,84,40,49,17,35,6,8,57,84,12,50,10,24,2,5,14,13,22,74,79,158,0,0,50,74,38,50,14,24,3,5,52,74,9,49,18,35,2,8,13,14,27,84,79,158
39,2017-540-sl08-mp01,/en/scores/2017/540/QS072/match-stats,01:22:00,82,8,0,41,58,32,41,13,17,1,2,45,58,12,38,15,29,3,9,11,10,27,67,72,125,6,5,38,67,26,38,14,29,6,9,40,67,9,41,4,17,1,2,10,11,13,58,53,125
39,2017-540-l797-mi01,/en/scores/2017/540/QS076/match-stats,01:04:00,64,7,2,25,52,22,25,17,27,1,1,39,52,11,31,12,25,3,3,9,9,23,56,62,108,0,1,31,56,20,31,13,25,0,3,33,56,3,25,10,27,0,1,9,9,13,52,46,108
39,2017-540-re44-d985,/en/scores/2017/540/QS080/match-stats,00:58:00,58,9,3,41,58,31,41,8,17,2,2,39,58,14,37,10,20,3,10,9,9,24,57,63,115,1,1,37,57,23,37,10,20,7,10,33,57,10,41,9,17,0,2,9,9,19,58,52,115
39,2017-540-sc47-ca33,/en/scores/2017/540/QS084/match-stats,02:40:00,160,2,2,76,131,54,76,27,55,10,13,81,131,15,67,26,45,4,5,18,19,41,112,122,243,23,5,67,112,52,67,19,45,1,5,71,112,22,76,28,55,3,13,19,18,50,131,121,243
39,2017-540-bh76-k834,/en/scores/2017/540/QS088/match-stats,00:42:00,42,2,1,22,34,15,22,8,12,0,0,23,34,12,25,10,11,4,8,5,5,22,36,45,70,3,0,25,36,13,25,1,11,4,8,14,36,7,22,4,12,0,0,5,5,11,34,25,70
39,2017-540-kc86-ga79,/en/scores/2017/540/QS092/match-stats,01:04:00,64,2,1,21,43,16,21,12,22,1,3,28,43,17,33,14,21,6,10,8,8,31,54,59,97,2,2,33,54,16,33,7,21,4,10,23,54,5,21,10,22,2,3,8,8,15,43,38,97
39,2017-540-hb48-v495,/en/scores/2017/540/QS100/match-stats,03:08:00,188,13,7,105,156,72,105,22,51,9,14,94,156,23,81,30,65,4,9,22,22,53,146,147,302,15,6,81,146,58,81,35,65,5,9,93,146,33,105,29,51,5,14,22,22,62,156,155,302
39,2017-540-me89-kb05,/en/scores/2017/540/QS096/match-stats,01:29:00,89,13,1,39,64,36,39,19,25,0,0,55,64,13,51,14,31,1,6,12,12,27,82,82,146,6,0,51,82,38,51,17,31,5,6,55,82,3,39,6,25,0,0,12,12,9,64,64,146
39,2017-540-sc77-d750,/en/scores/2017/540/QS104/match-stats,01:00:00,60,10,4,24,52,22,24,17,28,2,3,39,52,10,37,8,13,3,7,10,9,18,50,57,102,6,2,37,50,27,37,5,13,4,7,32,50,2,24,11,28,1,3,9,10,13,52,45,102
39,2017-540-be54-lc11,/en/scores/2017/540/QS108/match-stats,01:37:00,97,2,3,60,80,39,60,10,20,7,9,49,80,22,56,16,29,5,7,12,13,38,85,87,165,6,3,56,85,34,56,13,29,2,7,47,85,21,60,10,20,2,9,13,12,31,80,78,165
39,2017-540-z246-mn13,/en/scores/2017/540/QS116/match-stats,01:25:00,85,6,1,60,86,46,60,12,26,7,7,58,86,6,32,5,20,1,1,11,10,11,52,69,138,3,0,32,52,26,32,15,20,0,1,41,52,14,60,14,26,0,7,10,11,28,86,69,138
39,2017-540-sj55-db63,/en/scores/2017/540/QS112/match-stats,02:18:00,138,4,0,66,97,54,66,10,31,7,9,64,97,20,58,24,46,6,13,14,14,44,104,108,201,4,2,58,104,38,58,22,46,7,13,60,104,12,66,21,31,2,9,14,14,33,97,93,201
39,2017-540-pb22-ta29,/en/scores/2017/540/QS120/match-stats,01:28:00,88,4,1,40,67,31,40,16,27,1,2,47,67,8,34,22,37,3,9,10,10,30,71,77,138,3,3,34,71,26,34,15,37,6,9,41,71,9,40,11,27,1,2,10,10,20,67,61,138
39,2017-540-k776-da67,/en/scores/2017/540/QS124/match-stats,01:08:00,68,9,0,39,52,31,39,10,13,0,1,41,52,13,37,13,28,3,6,10,10,26,65,67,117,2,2,37,65,24,37,15,28,3,6,39,65,8,39,3,13,1,1,10,10,11,52,50,117
39,2017-540-r548-o522,/en/scores/2017/540/QS095/match-stats,01:33:00,93,8,2,65,91,50,65,15,26,8,8,65,91,12,49,8,27,0,0,12,12,20,76,85,167,16,3,49,76,37,49,19,27,0,0,56,76,15,65,11,26,0,8,12,12,26,91,82,167
39,2017-540-dh58-m762,/en/scores/2017/540/QS107/match-stats,02:04:00,124,5,8,54,102,34,54,27,48,9,11,61,102,20,61,20,35,3,15,13,13,40,96,101,198,9,6,61,96,41,61,15,35,12,15,56,96,20,54,21,48,2,11,13,13,41,102,97,198
39,2017-540-bk92-g676,/en/scores/2017/540/QS103/match-stats,00:39:00,39,7,4,25,40,20,25,10,15,0,1,30,40,16,24,8,11,5,6,8,7,24,35,54,75,0,2,24,35,8,24,3,11,1,6,11,35,5,25,5,15,1,1,7,8,10,40,21,75
39,2017-540-m850-ra82,/en/scores/2017/540/QS083/match-stats,01:30:00,90,17,0,42,63,36,42,12,21,3,3,48,63,14,42,17,35,2,5,10,10,31,77,79,140,1,5,42,77,28,42,18,35,3,5,46,77,6,42,9,21,0,3,10,10,15,63,61,140
39,2017-540-f811-mn20,/en/scores/2017/540/QS115/match-stats,00:27:00,27,2,2,13,28,10,13,9,15,1,1,19,28,12,20,0,3,2,3,4,4,12,23,31,51,2,0,20,23,8,20,3,3,1,3,11,23,3,13,6,15,0,1,4,4,9,28,20,51
39,2017-540-fb98-c582,/en/scores/2017/540/QS075/match-stats,01:38:00,98,17,3,44,81,37,44,18,37,2,4,55,81,19,54,15,30,5,7,14,14,34,84,89,165,4,1,54,84,35,54,15,30,2,7,50,84,7,44,19,37,2,4,14,14,26,81,76,165
39,2017-540-g967-be67,/en/scores/2017/540/QS079/match-stats,00:48:00,48,4,0,27,45,22,27,7,18,1,2,29,45,12,22,16,26,6,7,7,8,28,48,57,93,2,4,22,48,10,22,10,26,1,7,20,48,5,27,11,18,1,2,8,7,16,45,36,93
39,2017-540-w630-r612,/en/scores/2017/540/QS091/match-stats,02:05:00,125,18,3,64,113,45,64,22,49,15,19,67,113,12,56,27,40,4,11,16,15,39,96,106,209,3,4,56,96,44,56,13,40,7,11,57,96,19,64,27,49,4,19,15,16,46,113,103,209
39,2017-540-hb64-sy31,/en/scores/2017/540/QS123/match-stats,01:16:00,76,6,3,38,68,30,38,16,30,4,5,46,68,14,42,10,20,3,6,11,11,24,62,70,130,2,1,42,62,28,42,10,20,3,6,38,62,8,38,14,30,1,5,11,11,22,68,60,130
39,2017-540-g681-sk67,/en/scores/2017/540/QS087/match-stats,01:30:00,90,6,1,42,73,33,42,22,31,2,2,55,73,10,47,11,27,1,4,12,12,21,74,76,147,5,3,47,74,37,47,16,27,3,4,53,74,9,42,9,31,0,2,12,12,18,73,71,147
39,2017-540-mi43-ce77,/en/scores/2017/540/QS111/match-stats,00:49:00,49,2,2,35,45,26,35,4,10,0,1,30,45,20,41,10,12,6,11,7,8,30,53,60,98,3,2,41,53,21,41,2,12,5,11,23,53,9,35,6,10,1,1,8,7,15,45,38,98
39,2017-540-mb53-k839,/en/scores/2017/540/QS067/match-stats,02:21:00,141,4,1,64,103,40,64,21,39,16,19,61,103,17,50,18,39,4,7,14,14,35,89,96,192,3,4,50,89,33,50,21,39,3,7,54,89,24,64,18,39,3,19,14,14,42,103,96,192
39,2017-540-y218-le01,/en/scores/2017/540/QS119/match-stats,01:03:00,63,8,2,33,56,27,33,11,23,4,4,38,56,10,25,15,30,4,6,8,9,25,55,63,111,0,3,25,55,15,25,15,30,2,6,30,55,6,33,12,23,0,4,9,8,18,56,48,111
39,2017-540-kc04-cf59,/en/scores/2017/540/QS071/match-stats,01:34:00,94,3,1,42,67,35,42,16,25,1,1,51,67,16,55,9,19,1,3,11,11,25,74,76,141,8,1,55,74,39,55,10,19,2,3,49,74,7,42,9,25,0,1,11,11,16,67,65,141
39,2017-540-w521-mf35,/en/scores/2017/540/QS099/match-stats,01:13:00,73,9,5,45,68,35,45,15,23,2,2,50,68,7,36,10,23,2,3,12,12,17,59,67,127,4,1,36,59,29,36,13,23,1,3,42,59,10,45,8,23,0,2,12,12,18,68,60,127
39,2017-540-ke64-pg94,/en/scores/2017/540/QS127/match-stats,01:29:00,89,3,3,48,75,33,48,11,27,4,7,44,75,23,47,8,21,5,10,11,11,31,68,75,143,1,0,47,68,24,47,13,21,5,10,37,68,15,48,16,27,3,7,11,11,31,75,68,143
39,2017-540-a622-sf41,/en/scores/2017/540/QS077/match-stats,01:49:00,109,8,1,47,81,35,47,23,34,2,4,58,81,13,52,16,29,3,7,15,14,29,81,87,162,5,4,52,81,39,52,13,29,4,7,52,81,12,47,11,34,2,4,14,15,23,81,75,162
39,2017-540-b896-u134,/en/scores/2017/540/QS097/match-stats,01:31:00,91,11,2,45,72,37,45,16,27,0,1,53,72,14,51,11,29,2,6,14,14,25,80,78,152,11,2,51,80,37,51,18,29,4,6,55,80,8,45,11,27,1,1,14,14,19,72,74,152
39,2017-540-ba98-g940,/en/scores/2017/540/QS066/match-stats,02:30:00,150,3,1,84,119,62,84,25,35,2,4,87,119,14,74,21,46,1,3,20,20,35,120,122,239,30,11,74,120,60,74,25,46,2,3,85,120,22,84,10,35,2,4,20,20,32,119,117,239
39,2017-540-bk19-kc12,/en/scores/2017/540/QS109/match-stats,01:21:00,81,7,1,44,59,33,44,8,15,1,2,41,59,12,40,14,23,3,6,10,9,26,63,67,122,4,3,40,63,28,40,9,23,3,6,37,63,11,44,7,15,1,2,9,10,18,59,55,122
39,2017-540-bc72-o449,/en/scores/2017/540/QS101/match-stats,01:00:00,60,8,2,31,51,28,31,12,20,0,0,40,51,7,34,13,24,2,5,10,10,20,58,60,109,5,9,34,58,27,34,11,24,3,5,38,58,3,31,8,20,0,0,10,10,11,51,49,109
39,2017-540-bi23-d499,/en/scores/2017/540/QS098/match-stats,00:55:00,55,2,0,27,50,19,27,14,23,1,2,33,50,11,30,7,11,4,5,9,8,18,41,51,91,4,3,30,41,19,30,4,11,1,5,23,41,8,27,9,23,1,2,8,9,17,50,40,91
39,2017-540-c813-o408,/en/scores/2017/540/QS110/match-stats,01:55:00,115,11,2,52,83,42,52,19,31,0,1,61,83,15,59,10,28,2,5,14,15,25,87,86,170,5,2,59,87,44,59,18,28,3,5,62,87,10,52,12,31,1,1,15,14,22,83,84,170
39,2017-540-ci14-a853,/en/scores/2017/540/QS118/match-stats,01:11:00,71,6,7,25,66,17,25,24,41,4,6,41,66,12,30,12,21,4,5,10,9,24,51,65,117,3,4,30,51,18,30,9,21,1,5,27,51,8,25,17,41,2,6,9,10,25,66,52,117
39,2017-540-da86-bd80,/en/scores/2017/540/QS070/match-stats,01:45:00,105,9,2,62,83,47,62,12,21,0,0,59,83,13,46,12,33,1,3,12,12,25,79,84,162,2,3,46,79,33,46,21,33,2,3,54,79,15,62,9,21,0,0,12,12,24,83,78,162
39,2017-540-d916-sj22,/en/scores/2017/540/QS065/match-stats,01:24:00,84,2,2,42,56,33,42,8,14,0,0,41,56,13,41,11,24,2,4,10,10,24,65,65,121,5,3,41,65,28,41,13,24,2,4,41,65,9,42,6,14,0,0,10,10,15,56,56,121
39,2017-540-gd64-q948,/en/scores/2017/540/QS114/match-stats,01:12:00,72,10,3,39,66,25,39,15,27,6,8,40,66,20,42,10,22,4,10,10,9,30,64,70,130,2,2,42,64,22,42,12,22,6,10,34,64,14,39,12,27,2,8,9,10,26,66,60,130
39,2017-540-g892-sn77,/en/scores/2017/540/QS074/match-stats,01:55:00,115,6,4,48,77,34,48,16,29,2,4,50,77,31,73,27,47,7,16,13,14,58,120,108,197,6,5,73,120,42,73,20,47,9,16,62,120,14,48,13,29,2,4,14,13,27,77,89,197
39,2017-540-g585-mi33,/en/scores/2017/540/QS082/match-stats,01:02:00,62,3,1,31,47,25,31,9,16,0,0,34,47,10,32,19,25,4,8,8,8,29,57,63,104,4,5,32,57,22,32,6,25,4,8,28,57,6,31,7,16,0,0,8,8,13,47,41,104
39,2017-540-h997-gb53,/en/scores/2017/540/QS069/match-stats,01:25:00,85,13,1,35,56,27,35,12,21,0,0,39,56,19,57,25,41,3,9,9,10,44,98,83,154,6,5,57,98,38,57,16,41,6,9,54,98,8,35,9,21,0,0,10,9,17,56,71,154
39,2017-540-i230-ph42,/en/scores/2017/540/QS106/match-stats,01:06:00,66,6,2,41,58,30,41,9,17,2,2,39,58,10,31,18,27,4,9,8,8,28,58,67,116,2,2,31,58,21,31,9,27,5,9,30,58,11,41,8,17,0,2,8,8,19,58,49,116
39,2017-540-j551-gd08,/en/scores/2017/540/QS125/match-stats,00:49:00,49,5,2,26,41,23,26,7,15,0,1,30,41,12,26,14,22,5,8,8,8,26,48,56,89,6,1,26,48,14,26,8,22,3,8,22,48,3,26,8,15,1,1,8,8,11,41,33,89
39,2017-540-ka98-kf17,/en/scores/2017/540/QS093/match-stats,01:18:00,78,6,1,45,69,34,45,13,24,6,6,47,69,11,37,16,27,2,7,10,9,27,64,74,133,5,8,37,64,26,37,11,27,5,7,37,64,11,45,11,24,0,6,9,10,22,69,59,133
39,2017-540-kb09-sq80,/en/scores/2017/540/QS089/match-stats,02:45:00,165,14,4,92,151,69,92,34,59,7,9,103,151,13,72,26,59,3,5,24,24,39,131,142,282,18,3,72,131,59,72,33,59,2,5,92,131,23,92,25,59,2,9,24,24,48,151,140,282
39,2017-540-mk66-cb14,/en/scores/2017/540/QS113/match-stats,01:11:00,71,0,1,37,55,29,37,10,18,2,3,39,55,11,27,14,26,4,7,10,9,25,53,64,108,3,4,27,53,16,27,12,26,3,7,28,53,8,37,8,18,1,3,9,10,16,55,44,108
39,2017-540-me31-n679,/en/scores/2017/540/QS073/match-stats,02:04:00,124,3,3,55,96,40,55,25,41,4,6,65,96,13,52,22,43,3,7,15,15,35,95,100,191,11,2,52,95,39,52,21,43,4,7,60,95,15,55,16,41,2,6,15,15,31,96,91,191
39,2017-540-mg47-r383,/en/scores/2017/540/QS081/match-stats,02:34:00,154,13,7,63,120,47,63,23,57,7,11,70,120,23,63,26,49,6,9,16,15,49,112,119,232,3,8,63,112,40,63,23,49,3,9,63,112,16,63,34,57,4,11,15,16,50,120,113,232
39,2017-540-mm66-la93,/en/scores/2017/540/QS078/match-stats,01:05:00,65,4,6,34,55,29,34,13,21,2,2,42,55,8,32,14,28,2,7,10,9,22,60,64,115,5,3,32,60,24,32,14,28,5,7,38,60,5,34,8,21,0,2,9,10,13,55,51,115
39,2017-540-mm79-j400,/en/scores/2017/540/QS102/match-stats,01:14:00,74,5,4,41,62,33,41,8,21,2,3,41,62,13,41,13,22,3,8,10,10,26,63,67,125,5,3,41,63,28,41,9,22,5,8,37,63,8,41,13,21,1,3,10,10,21,62,58,125
39,2017-540-n503-pc33,/en/scores/2017/540/QS121/match-stats,00:17:00,17,1,0,11,12,11,11,1,1,0,0,12,12,8,9,0,1,2,2,3,2,8,10,20,22,0,0,9,10,1,9,1,1,0,2,2,10,0,11,0,1,0,0,2,3,0,12,2,22
39,2017-540-n674-w571,/en/scores/2017/540/QS126/match-stats,01:15:00,75,14,2,35,62,30,35,18,27,1,2,48,62,14,48,17,31,2,4,11,11,31,79,79,141,6,1,48,79,34,48,14,31,2,4,48,79,5,35,9,27,1,2,11,11,14,62,62,141
39,2017-540-o513-cg33,/en/scores/2017/540/QS117/match-stats,02:36:00,156,14,6,82,131,63,82,25,49,6,8,88,131,18,84,23,44,2,9,19,20,41,128,129,259,9,5,84,128,66,84,21,44,7,9,87,128,19,82,24,49,2,8,20,19,43,131,130,259
39,2017-540-q941-ca71,/en/scores/2017/540/QS105/match-stats,01:51:00,111,6,6,56,94,40,56,15,38,12,15,55,94,19,56,25,36,6,12,13,13,44,92,99,186,2,4,56,92,37,56,11,36,6,12,48,92,16,56,23,38,3,15,13,13,39,94,87,186
39,2017-540-r685-j380,/en/scores/2017/540/QS094/match-stats,01:33:00,93,16,2,49,79,40,49,20,30,2,3,60,79,17,62,11,27,1,6,12,12,28,89,88,168,4,0,62,89,45,62,16,27,5,6,61,89,9,49,10,30,1,3,12,12,19,79,80,168
39,2017-540-sf62-mh16,/en/scores/2017/540/QS090/match-stats,01:32:00,92,8,5,43,87,34,43,19,44,13,15,53,87,15,39,14,26,4,13,10,10,29,65,82,152,4,4,39,65,24,39,12,26,9,13,36,65,9,43,25,44,2,15,10,10,34,87,70,152
39,2017-540-ta12-ce25,/en/scores/2017/540/QS122/match-stats,01:30:00,90,5,2,33,66,25,33,19,33,3,5,44,66,15,42,17,31,4,12,11,10,32,73,76,139,4,2,42,73,27,42,14,31,8,12,41,73,8,33,14,33,2,5,10,11,22,66,63,139
39,2017-540-w579-gc89,/en/scores/2017/540/QS085/match-stats,01:36:00,96,6,2,63,94,48,63,11,31,8,11,59,94,13,56,15,25,3,3,14,14,28,81,87,175,3,2,56,81,43,56,10,25,0,3,53,81,15,63,20,31,3,11,14,14,35,94,88,175
39,2017-540-z189-i305,/en/scores/2017/540/QS086/match-stats,02:11:00,131,6,3,80,119,53,80,22,39,10,13,75,119,9,55,20,43,3,7,15,16,29,98,104,217,9,1,55,98,46,55,23,43,4,7,69,98,27,80,17,39,3,13,16,15,44,119,113,217